Question_ID,Answer_ID,Task
0,2,Phi-2
4,2,Phi-2
11,3,Phi-2
12,4,Phi-2
14,1,Phi-2
19,2,Phi-2
23,4,Phi-2
29,2,Phi-2
37,3,Phi-2
41,4,Phi-2
42,3,Phi-2
45,1,Phi-2
46,3,Phi-2
49,5,Phi-2
53,3,Phi-2
60,2,Phi-2
70,1,Phi-2
73,4,Phi-2
74,5,Phi-2
76,3,Phi-2
80,4,Phi-2
87,5,Phi-2
96,2,Phi-2
100,1,Phi-2
101,2,Phi-2
108,4,Phi-2
111,5,Phi-2
121,3,Phi-2
123,1,Phi-2
135,5,Phi-2
140,3,Phi-2
141,5,Phi-2
143,4,Phi-2
146,3,Phi-2
149,4,Phi-2
152,1,Phi-2
159,5,Phi-2
173,1,Phi-2
179,2,Phi-2
184,4,Phi-2
185,3,Phi-2
187,3,Phi-2
188,4,Phi-2
191,1,Phi-2
194,3,Phi-2
195,3,Phi-2
198,5,Phi-2
203,1,Phi-2
206,3,Phi-2
216,4,Phi-2
225,2,Phi-2
233,1,Phi-2
244,4,Phi-2
249,3,Phi-2
257,3,Phi-2
268,5,Phi-2
279,3,Phi-2
281,3,Phi-2
282,3,Phi-2
289,5,Phi-2
290,3,Phi-2
296,4,Phi-2
303,4,Phi-2
313,1,Phi-2
316,3,Phi-2
318,3,Phi-2
319,4,Phi-2
325,2,Phi-2
338,1,Phi-2
360,3,Phi-2
366,4,Phi-2
368,5,Phi-2
383,4,Phi-2
384,3,Phi-2
388,2,Phi-2
398,1,Phi-2
405,1,Phi-2
408,3,Phi-2
414,3,Phi-2
417,4,Phi-2
419,3,Phi-2
437,4,Phi-2
441,1,Phi-2
449,4,Phi-2
454,5,Phi-2
456,3,Phi-2
463,3,Phi-2
468,1,Phi-2
470,1,Phi-2
475,4,Phi-2
478,3,Phi-2
483,3,Phi-2
499,1,Phi-2
506,4,Phi-2
530,4,Phi-2
539,1,Phi-2
540,5,Phi-2
548,2,Phi-2
552,1,Phi-2
558,2,Phi-2
563,5,Phi-2
564,3,Phi-2
566,3,Phi-2
577,2,Phi-2
589,1,Phi-2
596,3,Phi-2
604,3,Phi-2
609,3,Phi-2
619,1,Phi-2
621,4,Phi-2
628,5,Phi-2
631,4,Phi-2
634,5,Phi-2
636,3,Phi-2
638,1,Phi-2
643,4,Phi-2
644,4,Phi-2
646,4,Phi-2
647,4,Phi-2
648,1,Phi-2
649,3,Phi-2
652,5,Phi-2
654,3,Phi-2
658,2,Phi-2
669,2,Phi-2
671,4,Phi-2
674,1,Phi-2
681,1,Phi-2
688,5,Phi-2
702,2,Phi-2
710,5,Phi-2
715,4,Phi-2
716,1,Phi-2
717,2,Phi-2
721,1,Phi-2
731,2,Phi-2
754,1,Phi-2
761,5,Phi-2
763,3,Phi-2
767,1,Phi-2
773,4,Phi-2
797,4,Phi-2
799,1,Phi-2
812,1,Phi-2
813,5,Phi-2
815,1,Phi-2
818,5,Phi-2
823,2,Phi-2
824,3,Phi-2
832,5,Phi-2
835,5,Phi-2
836,1,Phi-2
849,3,Phi-2
855,1,Phi-2
856,3,Phi-2
863,3,Phi-2
875,2,Phi-2
886,3,Phi-2
888,1,Phi-2
890,1,Phi-2
892,5,Phi-2
900,4,Phi-2
913,4,Phi-2
917,2,Phi-2
921,4,Phi-2
923,4,Phi-2
929,4,Phi-2
934,1,Phi-2
941,3,Phi-2
943,2,Phi-2
946,2,Phi-2
955,4,Phi-2
962,2,Phi-2
976,3,Phi-2
979,1,Phi-2
986,5,Phi-2
990,5,Phi-2
1005,3,Phi-2
1014,4,Phi-2
1016,5,Phi-2
1019,3,Phi-2
1025,2,Phi-2
1029,1,Phi-2
1030,3,Phi-2
1032,1,Phi-2
1036,1,Phi-2
1037,1,Phi-2
1043,2,Phi-2
1044,1,Phi-2
1054,5,Phi-2
1065,2,Phi-2
1066,4,Phi-2
1067,1,Phi-2
1078,5,Phi-2
1083,2,Phi-2
1095,5,Phi-2
1096,3,Phi-2
1099,3,Phi-2
1101,3,Phi-2
1104,3,Phi-2
1110,3,Phi-2
1112,1,Phi-2
1119,3,Phi-2
1123,2,Phi-2
1134,3,Phi-2
1143,5,Phi-2
1144,5,Phi-2
1148,1,Phi-2
1160,2,Phi-2
1161,4,Phi-2
1166,3,Phi-2
1170,2,Phi-2
1173,3,Phi-2
1174,3,Phi-2
1176,5,Phi-2
1184,3,Phi-2
1185,1,Phi-2
1189,4,Phi-2
1191,3,Phi-2
1196,5,Phi-2
1207,3,Phi-2
1210,2,Phi-2
1211,3,Phi-2
1215,3,Phi-2
1217,4,Phi-2
1226,2,Phi-2
1228,5,Phi-2
1241,5,Phi-2
1246,1,Phi-2
1248,3,Phi-2
1253,3,Phi-2
1254,4,Phi-2
1258,5,Phi-2
1264,1,Phi-2
1274,3,Phi-2
1283,2,Phi-2
1287,5,Phi-2
1288,2,Phi-2
1299,1,Phi-2
1310,1,Phi-2
1311,2,Phi-2
1312,2,Phi-2
1318,5,Phi-2
1321,3,Phi-2
1331,5,Phi-2
1343,2,Phi-2
1345,3,Phi-2
1348,2,Phi-2
1355,4,Phi-2
1358,4,Phi-2
1361,1,Phi-2
1370,4,Phi-2
1375,4,Phi-2
1379,4,Phi-2
1380,1,Phi-2
1383,2,Phi-2
1387,2,Phi-2
1389,1,Phi-2
1391,2,Phi-2
1395,4,Phi-2
1397,3,Phi-2
1399,5,Phi-2
1400,5,Phi-2
1411,3,Phi-2
1425,2,Phi-2
1426,1,Phi-2
1433,1,Phi-2
1445,5,Phi-2
1449,3,Phi-2
1458,4,Phi-2
1459,3,Phi-2
1461,2,Phi-2
1463,3,Phi-2
1473,2,Phi-2
1476,1,Phi-2
1479,4,Phi-2
1480,3,Phi-2
1495,5,Phi-2
1497,3,Phi-2
1503,1,Phi-2
1508,1,Phi-2
1512,5,Phi-2
1524,2,Phi-2
1532,3,Phi-2
1538,5,Phi-2
1542,4,Phi-2
1543,3,Phi-2
1545,3,Phi-2
1550,5,Phi-2
1562,2,Phi-2
1566,1,Phi-2
1573,4,Phi-2
1574,1,Phi-2
1580,2,Phi-2
1581,1,Phi-2
1583,1,Phi-2
1595,1,Phi-2
1599,1,Phi-2
1609,1,Phi-2
1614,4,Phi-2
1622,3,Phi-2
1640,5,Phi-2
1641,1,Phi-2
1644,2,Phi-2
1647,4,Phi-2
1651,2,Phi-2
1673,3,Phi-2
1682,2,Phi-2
1687,3,Phi-2
1690,1,Phi-2
1703,1,Phi-2
1707,1,Phi-2
1708,1,Phi-2
1711,3,Phi-2
1715,2,Phi-2
1721,3,Phi-2
1724,1,Phi-2
1728,2,Phi-2
1734,4,Phi-2
1746,1,Phi-2
1747,3,Phi-2
1750,5,Phi-2
1751,5,Phi-2
1758,2,Phi-2
1770,3,Phi-2
1780,2,Phi-2
1785,4,Phi-2
1787,3,Phi-2
1791,1,Phi-2
1805,5,Phi-2
1810,3,Phi-2
1812,5,Phi-2
1814,3,Phi-2
1820,4,Phi-2
1821,1,Phi-2
1822,3,Phi-2
1828,5,Phi-2
1841,2,Phi-2
1855,5,Phi-2
1873,3,Phi-2
1875,2,Phi-2
1877,4,Phi-2
1881,4,Phi-2
1884,5,Phi-2
1891,1,Phi-2
1894,1,Phi-2
1898,2,Phi-2
1902,3,Phi-2
1903,2,Phi-2
1918,1,Phi-2
1922,5,Phi-2
1956,1,Phi-2
1959,1,Phi-2
1961,4,Phi-2
1963,3,Phi-2
1975,4,Phi-2
1981,1,Phi-2
1985,1,Phi-2
1988,4,Phi-2
1996,2,Phi-2
2003,4,Phi-2
2007,2,Phi-2
2009,2,Phi-2
2015,2,Phi-2
2017,3,Phi-2
2023,3,Phi-2
2025,3,Phi-2
2043,1,Phi-2
2048,5,Phi-2
2057,5,Phi-2
2060,5,Phi-2
2061,5,Phi-2
2067,3,Phi-2
2079,3,Phi-2
2080,1,Phi-2
2081,4,Phi-2
2082,4,Phi-2
2086,1,Phi-2
2097,5,Phi-2
2101,2,Phi-2
2105,5,Phi-2
2106,4,Phi-2
2108,4,Phi-2
2116,3,Phi-2
2120,4,Phi-2
2126,3,Phi-2
2136,3,Phi-2
2145,2,Phi-2
2146,2,Phi-2
2152,1,Phi-2
2160,1,Phi-2
2163,5,Phi-2
2166,3,Phi-2
2174,5,Phi-2
2176,5,Phi-2
2185,5,Phi-2
2186,4,Phi-2
2188,4,Phi-2
2190,4,Phi-2
2193,4,Phi-2
2196,3,Phi-2
2197,3,Phi-2
2205,2,Phi-2
2208,3,Phi-2
2210,5,Phi-2
2214,1,Phi-2
2216,4,Phi-2
2217,1,Phi-2
2228,3,Phi-2
2245,4,Phi-2
2254,5,Phi-2
2256,5,Phi-2
2259,2,Phi-2
2264,3,Phi-2
2268,5,Phi-2
2276,3,Phi-2
2278,3,Phi-2
2279,1,Phi-2
2293,1,Phi-2
2296,4,Phi-2
2310,4,Phi-2
2320,5,Phi-2
2321,4,Phi-2
2326,4,Phi-2
2337,1,Phi-2
2347,4,Phi-2
2352,3,Phi-2
2355,4,Phi-2
2357,2,Phi-2
2358,5,Phi-2
2365,1,Phi-2
2367,3,Phi-2
2370,1,Phi-2
2380,2,Phi-2
2382,5,Phi-2
2386,4,Phi-2
2396,3,Phi-2
2397,4,Phi-2
2404,3,Phi-2
2408,5,Phi-2
2414,1,Phi-2
2430,3,Phi-2
2432,2,Phi-2
2443,5,Phi-2
2455,1,Phi-2
2456,4,Phi-2
2461,4,Phi-2
2467,1,Phi-2
2471,1,Phi-2
2474,2,Phi-2
2477,3,Phi-2
2480,5,Phi-2
2483,3,Phi-2
2487,3,Phi-2
2488,5,Phi-2
2491,5,Phi-2
2493,1,Phi-2
2494,2,Phi-2
2507,1,Phi-2
2508,4,Phi-2
2509,1,Phi-2
2510,3,Phi-2
2518,2,Phi-2
2523,1,Phi-2
2533,4,Phi-2
2537,2,Phi-2
2561,5,Phi-2
2562,3,Phi-2
2581,3,Phi-2
2582,4,Phi-2
2590,4,Phi-2
2596,4,Phi-2
2608,3,Phi-2
2612,2,Phi-2
2614,3,Phi-2
2633,3,Phi-2
2638,5,Phi-2
2640,3,Phi-2
2646,3,Phi-2
2652,1,Phi-2
2654,1,Phi-2
2659,4,Phi-2
2666,3,Phi-2
2672,3,Phi-2
2699,5,Phi-2
2708,2,Phi-2
2716,4,Phi-2
2718,3,Phi-2
2728,2,Phi-2
2742,2,Phi-2
2745,3,Phi-2
2751,1,Phi-2
2758,4,Phi-2
2763,3,Phi-2
2767,4,Phi-2
2771,2,Phi-2
2779,5,Phi-2
2782,1,Phi-2
2783,1,Phi-2
2788,4,Phi-2
2793,4,Phi-2
2812,4,Phi-2
2821,3,Phi-2
2824,3,Phi-2
2830,1,Phi-2
2835,3,Phi-2
2841,1,Phi-2
2845,1,Phi-2
2858,3,Phi-2
2859,5,Phi-2
2866,3,Phi-2
2874,4,Phi-2
2891,3,Phi-2
2898,5,Phi-2
2908,1,Phi-2
2917,2,Phi-2
2924,4,Phi-2
2926,3,Phi-2
2931,1,Phi-2
2936,5,Phi-2
2947,4,Phi-2
2962,1,Phi-2
2964,4,Phi-2
2966,2,Phi-2
2977,3,Phi-2
2987,1,Phi-2
2991,1,Phi-2
2995,1,Phi-2
2998,1,Phi-2
3004,3,Phi-2
3012,4,Phi-2
3015,1,Phi-2
3022,3,Phi-2
3024,3,Phi-2
3030,1,Phi-2
3034,4,Phi-2
3046,3,Phi-2
3051,5,Phi-2
3061,3,Phi-2
3062,3,Phi-2
3066,2,Phi-2
3068,3,Phi-2
3070,1,Phi-2
3072,5,Phi-2
3074,4,Phi-2
3085,2,Phi-2
3088,2,Phi-2
3099,3,Phi-2
3100,3,Phi-2
3103,2,Phi-2
3106,3,Phi-2
3108,4,Phi-2
3117,1,Phi-2
3122,2,Phi-2
3126,4,Phi-2
3139,3,Phi-2
3143,1,Phi-2
3178,3,Phi-2
3189,2,Phi-2
3196,1,Phi-2
3216,3,Phi-2
3218,5,Phi-2
3222,2,Phi-2
3234,2,Phi-2
3235,1,Phi-2
3236,1,Phi-2
3249,4,Phi-2
3251,3,Phi-2
3256,3,Phi-2
3259,2,Phi-2
3265,4,Phi-2
3270,3,Phi-2
3271,1,Phi-2
3273,2,Phi-2
3281,5,Phi-2
3284,5,Phi-2
3294,5,Phi-2
3297,3,Phi-2
3309,4,Phi-2
3312,2,Phi-2
3316,4,Phi-2
3318,5,Phi-2
3319,4,Phi-2
3336,4,Phi-2
3342,2,Phi-2
3349,1,Phi-2
3352,3,Phi-2
3358,4,Phi-2
3367,1,Phi-2
3377,1,Phi-2
3385,1,Phi-2
3387,3,Phi-2
3388,5,Phi-2
3389,2,Phi-2
3391,1,Phi-2
3392,5,Phi-2
3397,2,Phi-2
3399,5,Phi-2
3405,3,Phi-2
3409,5,Phi-2
3416,1,Phi-2
3427,1,Phi-2
3428,2,Phi-2
3430,3,Phi-2
3434,2,Phi-2
3439,4,Phi-2
3442,1,Phi-2
3447,3,Phi-2
3450,2,Phi-2
3451,2,Phi-2
3459,3,Phi-2
3465,5,Phi-2
3466,1,Phi-2
3473,3,Phi-2
3474,4,Phi-2
3480,2,Phi-2
3483,2,Phi-2
3484,3,Phi-2
3488,5,Phi-2
3519,1,Phi-2
3527,3,Phi-2
3530,2,Phi-2
3531,4,Phi-2
3543,4,Phi-2
3547,1,Phi-2
3552,1,Phi-2
3553,4,Phi-2
3558,3,Phi-2
3559,3,Phi-2
3560,3,Phi-2
3562,2,Phi-2
3569,5,Phi-2
3570,2,Phi-2
3571,1,Phi-2
3572,1,Phi-2
3579,1,Phi-2
3584,5,Phi-2
3585,4,Phi-2
3586,1,Phi-2
3591,3,Phi-2
3597,3,Phi-2
3604,4,Phi-2
3605,2,Phi-2
3607,2,Phi-2
3608,4,Phi-2
3615,4,Phi-2
3628,5,Phi-2
3630,4,Phi-2
3634,3,Phi-2
3642,1,Phi-2
3649,3,Phi-2
3651,2,Phi-2
3657,3,Phi-2
3664,1,Phi-2
3673,5,Phi-2
3679,3,Phi-2
3688,4,Phi-2
3693,3,Phi-2
3697,5,Phi-2
3701,4,Phi-2
3722,3,Phi-2
3726,2,Phi-2
3727,4,Phi-2
3740,4,Phi-2
3742,3,Phi-2
3744,2,Phi-2
3751,4,Phi-2
3761,3,Phi-2
3766,2,Phi-2
3783,1,Phi-2
3785,1,Phi-2
3787,4,Phi-2
3788,2,Phi-2
3793,4,Phi-2
3794,4,Phi-2
3806,1,Phi-2
3813,4,Phi-2
3816,4,Phi-2
3819,3,Phi-2
3822,3,Phi-2
3825,3,Phi-2
3828,3,Phi-2
3836,5,Phi-2
3837,2,Phi-2
3841,3,Phi-2
3844,5,Phi-2
3845,5,Phi-2
3846,3,Phi-2
3847,2,Phi-2
3853,3,Phi-2
3854,3,Phi-2
3857,4,Phi-2
3871,1,Phi-2
3878,3,Phi-2
3883,3,Phi-2
3887,3,Phi-2
3906,3,Phi-2
3909,1,Phi-2
3917,2,Phi-2
3918,1,Phi-2
3920,5,Phi-2
3928,1,Phi-2
3931,1,Phi-2
3937,3,Phi-2
3938,4,Phi-2
3946,3,Phi-2
3954,4,Phi-2
3957,5,Phi-2
3962,3,Phi-2
3964,2,Phi-2
3965,2,Phi-2
3969,2,Phi-2
3972,3,Phi-2
3974,4,Phi-2
3987,4,Phi-2
3988,1,Phi-2
4001,5,Phi-2
4011,4,Phi-2
4012,1,Phi-2
4013,5,Phi-2
4019,5,Phi-2
4029,3,Phi-2
4033,1,Phi-2
4036,1,Phi-2
4037,3,Phi-2
4043,4,Phi-2
4046,4,Phi-2
4047,3,Phi-2
4055,5,Phi-2
4058,4,Phi-2
4063,1,Phi-2
4064,2,Phi-2
4079,1,Phi-2
4081,2,Phi-2
4082,1,Phi-2
4083,4,Phi-2
4089,5,Phi-2
4090,5,Phi-2
4093,1,Phi-2
4103,3,Phi-2
4113,4,Phi-2
4114,3,Phi-2
4115,3,Phi-2
4117,5,Phi-2
4132,1,Phi-2
4136,4,Phi-2
4146,2,Phi-2
4159,2,Phi-2
4181,5,Phi-2
4184,3,Phi-2
4186,3,Phi-2
4200,3,Phi-2
4211,1,Phi-2
4212,1,Phi-2
4222,4,Phi-2
4230,2,Phi-2
4234,1,Phi-2
4240,1,Phi-2
4241,4,Phi-2
4242,3,Phi-2
4248,4,Phi-2
4250,3,Phi-2
4254,2,Phi-2
4268,1,Phi-2
4282,2,Phi-2
4293,4,Phi-2
4298,4,Phi-2
4299,5,Phi-2
4300,3,Phi-2
4303,3,Phi-2
4308,3,Phi-2
4314,5,Phi-2
4321,1,Phi-2
4322,3,Phi-2
4328,3,Phi-2
4329,4,Phi-2
4333,1,Phi-2
4337,4,Phi-2
4338,2,Phi-2
4341,5,Phi-2
4348,3,Phi-2
4351,5,Phi-2
4365,1,Phi-2
4372,1,Phi-2
4378,4,Phi-2
4386,4,Phi-2
4397,4,Phi-2
4399,4,Phi-2
4401,5,Phi-2
4415,1,Phi-2
4418,1,Phi-2
4431,3,Phi-2
4432,2,Phi-2
4440,4,Phi-2
4446,1,Phi-2
4451,5,Phi-2
4468,5,Phi-2
4480,5,Phi-2
4493,5,Phi-2
4499,4,Phi-2
4503,4,Phi-2
4511,5,Phi-2
4512,1,Phi-2
4513,3,Phi-2
4519,4,Phi-2
4520,2,Phi-2
4523,4,Phi-2
4524,5,Phi-2
4525,3,Phi-2
4530,1,Phi-2
4538,4,Phi-2
4547,1,Phi-2
4548,5,Phi-2
4561,4,Phi-2
4562,5,Phi-2
4564,1,Phi-2
4572,1,Phi-2
4576,4,Phi-2
4579,1,Phi-2
4581,2,Phi-2
4585,2,Phi-2
4588,4,Phi-2
4590,5,Phi-2
4602,1,Phi-2
4613,3,Phi-2
4614,3,Phi-2
4616,4,Phi-2
4619,1,Phi-2
4620,3,Phi-2
4632,5,Phi-2
4643,3,Phi-2
4646,4,Phi-2
4650,5,Phi-2
4651,4,Phi-2
4652,3,Phi-2
4666,2,Phi-2
4669,4,Phi-2
4677,1,Phi-2
4680,1,Phi-2
4682,5,Phi-2
4683,1,Phi-2
4687,1,Phi-2
4688,3,Phi-2
4704,3,Phi-2
4713,5,Phi-2
4714,2,Phi-2
4718,1,Phi-2
4725,5,Phi-2
4737,4,Phi-2
4755,1,Phi-2
4759,5,Phi-2
4762,5,Phi-2
4767,1,Phi-2
4770,3,Phi-2
4784,3,Phi-2
4785,1,Phi-2
4789,4,Phi-2
4803,1,Phi-2
4812,3,Phi-2
4813,5,Phi-2
4817,4,Phi-2
4821,2,Phi-2
4834,1,Phi-2
4837,5,Phi-2
4840,3,Phi-2
4850,3,Phi-2
4856,3,Phi-2
4864,5,Phi-2
4871,5,Phi-2
4873,3,Phi-2
4881,4,Phi-2
4893,1,Phi-2
4903,5,Phi-2
4906,4,Phi-2
4908,3,Phi-2
4918,4,Phi-2
4921,1,Phi-2
4924,4,Phi-2
4931,1,Phi-2
4933,4,Phi-2
4946,5,Phi-2
4955,5,Phi-2
4957,1,Phi-2
4958,5,Phi-2
4959,1,Phi-2
4972,1,Phi-2
4977,4,Phi-2
4981,3,Phi-2
4992,2,Phi-2
5001,4,Phi-2
5003,1,Phi-2
5008,4,Phi-2
5010,5,Phi-2
5034,1,Phi-2
5056,5,Phi-2
5060,4,Phi-2
5062,2,Phi-2
5065,5,Phi-2
5067,3,Phi-2
5075,1,Phi-2
5079,5,Phi-2
5083,3,Phi-2
5084,5,Phi-2
5085,2,Phi-2
5087,3,Phi-2
5091,5,Phi-2
5108,1,Phi-2
5112,1,Phi-2
5114,3,Phi-2
5128,2,Phi-2
5129,3,Phi-2
5135,1,Phi-2
5145,4,Phi-2
5150,1,Phi-2
5151,3,Phi-2
5155,3,Phi-2
5156,1,Phi-2
5162,1,Phi-2
5165,4,Phi-2
5174,2,Phi-2
5183,2,Phi-2
5195,5,Phi-2
5197,2,Phi-2
5198,3,Phi-2
5204,3,Phi-2
5210,3,Phi-2
5219,2,Phi-2
5228,3,Phi-2
5232,1,Phi-2
5244,3,Phi-2
5246,1,Phi-2
5247,3,Phi-2
5255,1,Phi-2
5259,4,Phi-2
5262,1,Phi-2
5264,3,Phi-2
5275,3,Phi-2
5282,4,Phi-2
5317,4,Phi-2
5318,3,Phi-2
5320,1,Phi-2
5325,2,Phi-2
5329,3,Phi-2
5341,1,Phi-2
5359,2,Phi-2
5369,3,Phi-2
5370,1,Phi-2
5379,3,Phi-2
5380,3,Phi-2
5387,3,Phi-2
5389,5,Phi-2
5392,3,Phi-2
5409,5,Phi-2
5416,1,Phi-2
5420,2,Phi-2
5427,2,Phi-2
5435,1,Phi-2
5445,3,Phi-2
5451,4,Phi-2
5452,3,Phi-2
5454,1,Phi-2
5458,3,Phi-2
5459,5,Phi-2
5462,2,Phi-2
5463,2,Phi-2
5467,3,Phi-2
5476,2,Phi-2
5477,4,Phi-2
5485,2,Phi-2
5486,5,Phi-2
5490,2,Phi-2
5491,4,Phi-2
5493,3,Phi-2
5496,5,Phi-2
5502,1,Phi-2
5518,4,Phi-2
5531,5,Phi-2
5542,3,Phi-2
5547,4,Phi-2
5548,3,Phi-2
5551,2,Phi-2
5557,2,Phi-2
5581,2,Phi-2
5582,4,Phi-2
5592,1,Phi-2
5601,5,Phi-2
5606,2,Phi-2
5607,1,Phi-2
5608,5,Phi-2
5611,5,Phi-2
5613,1,Phi-2
5614,2,Phi-2
5620,4,Phi-2
5624,1,Phi-2
5625,5,Phi-2
5630,1,Phi-2
5632,1,Phi-2
5638,4,Phi-2
5644,1,Phi-2
5650,4,Phi-2
5655,3,Phi-2
5657,1,Phi-2
5664,1,Phi-2
5669,5,Phi-2
5675,5,Phi-2
5681,4,Phi-2
5684,3,Phi-2
5686,2,Phi-2
5694,4,Phi-2
5697,5,Phi-2
5698,1,Phi-2
5706,2,Phi-2
5719,3,Phi-2
5725,5,Phi-2
5727,3,Phi-2
5729,3,Phi-2
5736,1,Phi-2
5739,2,Phi-2
5750,4,Phi-2
5752,3,Phi-2
5753,5,Phi-2
5760,1,Phi-2
5787,2,Phi-2
5788,5,Phi-2
5791,5,Phi-2
5794,2,Phi-2
5795,2,Phi-2
5797,5,Phi-2
5802,3,Phi-2
5804,5,Phi-2
5810,1,Phi-2
5819,4,Phi-2
5821,3,Phi-2
5825,5,Phi-2
5826,3,Phi-2
5827,1,Phi-2
5832,5,Phi-2
5834,1,Phi-2
5835,1,Phi-2
5838,1,Phi-2
5840,5,Phi-2
5841,1,Phi-2
5847,4,Phi-2
5849,3,Phi-2
5853,1,Phi-2
5872,2,Phi-2
5892,5,Phi-2
5895,3,Phi-2
5896,4,Phi-2
5903,1,Phi-2
5904,2,Phi-2
5909,3,Phi-2
5913,1,Phi-2
5915,3,Phi-2
5919,2,Phi-2
5920,2,Phi-2
5923,3,Phi-2
5926,3,Phi-2
5947,2,Phi-2
5949,5,Phi-2
5952,5,Phi-2
5962,4,Phi-2
5963,3,Phi-2
5966,4,Phi-2
5967,3,Phi-2
5974,4,Phi-2
5981,1,Phi-2
5982,4,Phi-2
5984,1,Phi-2
5986,2,Phi-2
5989,1,Phi-2
5995,5,Phi-2
6001,5,Phi-2
6003,2,Phi-2
6004,4,Phi-2
6005,2,Phi-2
6006,4,Phi-2
6007,2,Phi-2
6015,1,Phi-2
6017,3,Phi-2
6018,1,Phi-2
6023,4,Phi-2
6024,1,Phi-2
6035,3,Phi-2
6036,3,Phi-2
6037,5,Phi-2
6040,1,Phi-2
6042,4,Phi-2
6046,2,Phi-2
6051,5,Phi-2
6057,4,Phi-2
6059,4,Phi-2
6061,5,Phi-2
6065,2,Phi-2
6067,1,Phi-2
6080,4,Phi-2
6082,3,Phi-2
6088,4,Phi-2
6097,3,Phi-2
6099,5,Phi-2
6105,5,Phi-2
6109,4,Phi-2
6115,5,Phi-2
6116,1,Phi-2
6124,5,Phi-2
6129,2,Phi-2
6135,5,Phi-2
6139,1,Phi-2
6147,1,Phi-2
6151,4,Phi-2
6152,2,Phi-2
6163,3,Phi-2
6165,3,Phi-2
6171,1,Phi-2
6172,3,Phi-2
6173,1,Phi-2
6175,1,Phi-2
6187,2,Phi-2
6189,3,Phi-2
6195,5,Phi-2
6196,2,Phi-2
6197,1,Phi-2
6198,1,Phi-2
6204,1,Phi-2
6206,5,Phi-2
6211,2,Phi-2
6212,4,Phi-2
6216,3,Phi-2
6225,5,Phi-2
6228,5,Phi-2
6233,3,Phi-2
6237,4,Phi-2
6239,4,Phi-2
6241,2,Phi-2
6253,3,Phi-2
6254,1,Phi-2
6258,5,Phi-2
6268,2,Phi-2
6272,3,Phi-2
6277,4,Phi-2
6286,4,Phi-2
6296,5,Phi-2
6297,4,Phi-2
6300,4,Phi-2
6329,3,Phi-2
6331,3,Phi-2
6339,1,Phi-2
6354,3,Phi-2
6356,5,Phi-2
6359,1,Phi-2
6360,2,Phi-2
6375,1,Phi-2
6376,5,Phi-2
6377,3,Phi-2
6379,5,Phi-2
6385,5,Phi-2
6393,2,Phi-2
6396,1,Phi-2
6409,4,Phi-2
6414,2,Phi-2
6423,4,Phi-2
6425,3,Phi-2
6432,1,Phi-2
6446,2,Phi-2
6451,4,Phi-2
6452,3,Phi-2
6463,5,Phi-2
6464,1,Phi-2
6470,5,Phi-2
6476,3,Phi-2
6484,4,Phi-2
6486,3,Phi-2
6490,5,Phi-2
6540,5,Phi-2
6545,5,Phi-2
6557,3,Phi-2
6576,3,Phi-2
6579,3,Phi-2
6582,5,Phi-2
6585,2,Phi-2
6587,5,Phi-2
6590,2,Phi-2
6592,1,Phi-2
6596,2,Phi-2
6597,3,Phi-2
6600,1,Phi-2
6602,5,Phi-2
6603,4,Phi-2
6604,2,Phi-2
6609,4,Phi-2
6612,4,Phi-2
6615,1,Phi-2
6616,1,Phi-2
6617,1,Phi-2
6628,4,Phi-2
6632,3,Phi-2
6633,5,Phi-2
6648,2,Phi-2
6651,4,Phi-2
6652,5,Phi-2
6661,5,Phi-2
6663,2,Phi-2
6664,4,Phi-2
6682,2,Phi-2
6692,1,Phi-2
6697,3,Phi-2
6698,5,Phi-2
6701,1,Phi-2
6706,1,Phi-2
6714,2,Phi-2
6721,1,Phi-2
6722,3,Phi-2
6727,2,Phi-2
6735,5,Phi-2
6737,1,Phi-2
6739,4,Phi-2
6741,3,Phi-2
6744,4,Phi-2
6750,5,Phi-2
6752,1,Phi-2
6755,1,Phi-2
6759,2,Phi-2
6760,5,Phi-2
6762,1,Phi-2
6763,1,Phi-2
6769,4,Phi-2
6775,2,Phi-2
6776,4,Phi-2
6777,1,Phi-2
6781,2,Phi-2
6790,2,Phi-2
6799,5,Phi-2
6806,3,Phi-2
6828,3,Phi-2
6831,5,Phi-2
6834,4,Phi-2
6836,4,Phi-2
6839,4,Phi-2
6840,2,Phi-2
6842,4,Phi-2
6856,5,Phi-2
6859,3,Phi-2
6877,5,Phi-2
6882,2,Phi-2
6888,3,Phi-2
6889,1,Phi-2
6901,1,Phi-2
6909,4,Phi-2
6912,1,Phi-2
6923,3,Phi-2
6939,1,Phi-2
6956,1,Phi-2
6963,2,Phi-2
6965,1,Phi-2
6972,3,Phi-2
6977,5,Phi-2
6991,4,Phi-2
6995,4,Phi-2
7005,4,Phi-2
7012,2,Phi-2
7022,5,Phi-2
7024,5,Phi-2
7027,2,Phi-2
7028,3,Phi-2
7045,4,Phi-2
7056,5,Phi-2
7063,2,Phi-2
7070,2,Phi-2
7077,1,Phi-2
7085,5,Phi-2
7090,3,Phi-2
7093,1,Phi-2
7094,3,Phi-2
7095,3,Phi-2
7136,3,Phi-2
7148,3,Phi-2
7160,3,Phi-2
7164,3,Phi-2
7166,4,Phi-2
7171,4,Phi-2
7173,4,Phi-2
7180,3,Phi-2
7188,2,Phi-2
7194,3,Phi-2
7199,3,Phi-2
7209,1,Phi-2
7210,4,Phi-2
7222,5,Phi-2
7242,3,Phi-2
7252,3,Phi-2
7255,4,Phi-2
7261,2,Phi-2
7267,4,Phi-2
7274,3,Phi-2
7278,3,Phi-2
7288,5,Phi-2
7296,3,Phi-2
7307,3,Phi-2
7310,3,Phi-2
7311,3,Phi-2
7315,2,Phi-2
7330,3,Phi-2
7333,4,Phi-2
7335,1,Phi-2
7339,1,Phi-2
7340,4,Phi-2
7346,1,Phi-2
7365,3,Phi-2
7370,4,Phi-2
7378,1,Phi-2
7383,2,Phi-2
7385,4,Phi-2
7392,5,Phi-2
7397,3,Phi-2
7399,2,Phi-2
7401,4,Phi-2
7408,2,Phi-2
7409,1,Phi-2
7411,5,Phi-2
7415,1,Phi-2
7420,3,Phi-2
7428,1,Phi-2
7429,1,Phi-2
7435,3,Phi-2
7439,2,Phi-2
7441,3,Phi-2
7445,3,Phi-2
7446,3,Phi-2
7453,1,Phi-2
7463,3,Phi-2
7464,1,Phi-2
7470,3,Phi-2
7471,3,Phi-2
7476,5,Phi-2
7477,5,Phi-2
7478,3,Phi-2
7479,5,Phi-2
7482,3,Phi-2
7487,4,Phi-2
7488,1,Phi-2
7493,3,Phi-2
7497,5,Phi-2
7503,1,Phi-2
7506,1,Phi-2
7509,5,Phi-2
7511,4,Phi-2
7515,4,Phi-2
7517,3,Phi-2
7518,1,Phi-2
7520,5,Phi-2
7533,5,Phi-2
7534,4,Phi-2
7542,3,Phi-2
7546,4,Phi-2
7552,2,Phi-2
7561,1,Phi-2
7568,5,Phi-2
7576,4,Phi-2
7577,3,Phi-2
7587,5,Phi-2
7595,3,Phi-2
7601,4,Phi-2
7605,1,Phi-2
7607,3,Phi-2
7608,5,Phi-2
7614,2,Phi-2
7622,5,Phi-2
7629,4,Phi-2
7635,2,Phi-2
7636,3,Phi-2
7640,2,Phi-2
7650,1,Phi-2
7654,5,Phi-2
7657,5,Phi-2
7658,1,Phi-2
7662,3,Phi-2
7667,1,Phi-2
7677,3,Phi-2
7681,4,Phi-2
7691,5,Phi-2
7699,1,Phi-2
7703,2,Phi-2
7709,1,Phi-2
7711,3,Phi-2
7721,5,Phi-2
7727,3,Phi-2
7739,1,Phi-2
7740,1,Phi-2
7742,3,Phi-2
7753,3,Phi-2
7756,3,Phi-2
7762,3,Phi-2
7769,3,Phi-2
7773,4,Phi-2
7775,1,Phi-2
7782,3,Phi-2
7785,4,Phi-2
7787,4,Phi-2
7788,1,Phi-2
7803,2,Phi-2
7804,2,Phi-2
7810,3,Phi-2
7827,3,Phi-2
7828,3,Phi-2
7830,4,Phi-2
7837,3,Phi-2
7839,4,Phi-2
7853,1,Phi-2
7861,2,Phi-2
7862,2,Phi-2
7866,4,Phi-2
7868,4,Phi-2
7873,3,Phi-2
7875,4,Phi-2
7877,5,Phi-2
7878,4,Phi-2
7881,4,Phi-2
7884,5,Phi-2
7905,3,Phi-2
7913,4,Phi-2
7923,3,Phi-2
7926,2,Phi-2
7929,5,Phi-2
7935,4,Phi-2
7944,3,Phi-2
7945,4,Phi-2
7952,3,Phi-2
7956,5,Phi-2
7960,4,Phi-2
7962,3,Phi-2
7974,2,Phi-2
7975,1,Phi-2
7980,5,Phi-2
7984,4,Phi-2
7985,3,Phi-2
7998,4,Phi-2
7999,4,Phi-2
8000,3,Phi-2
8003,3,Phi-2
8027,5,Phi-2
8028,2,Phi-2
8030,2,Phi-2
8036,4,Phi-2
8054,4,Phi-2
8063,1,Phi-2
8064,3,Phi-2
8071,5,Phi-2
8074,2,Phi-2
8077,3,Phi-2
8082,3,Phi-2
8085,4,Phi-2
8086,5,Phi-2
8096,1,Phi-2
8101,5,Phi-2
8108,3,Phi-2
8110,3,Phi-2
8111,2,Phi-2
8114,5,Phi-2
8117,3,Phi-2
8123,1,Phi-2
8136,5,Phi-2
